CODGEO,LibCommune,Region,Departement,Population2012,Population2007,Superficie,Naissances2007-2012,Deces2007-2012,Menages2012,NaissancesDomiciliees2013,DecesDomicilies2013,Logements2012,Residences2012,ResidencesSecondaires2012, LogementsVacants2012,ResidencesPrincipalesPropriétaires2012,NombreMenagesFiscaux2012,PartMenagesFiscauxImposes2012,MedianeRevenuDispoUC2012,TauxPauvrete2012,EmploisLT2012,Emplois SalariesLT2012,EmploisLT2007,Pop15-64ans2012,Chomeurs15-64ans2012,Actifs15-64ans2012,TotalEtsActifsFin2012,EtsActifsAgricultureFin2012,EtsActifsIndustrieFin2012,EtsActifs ConstructionFin2012,EtsActifsCommerceServicesFin2012,EtsActifsReparationAutoFin2012,EtsActifsAdmPubliqueFin2012,EtsActifs1-9SalariésFin2012,EtsActifs10ouPlusFin2012,Latitude,Longitude,Metropole
33103,Castelmoron-d'Albret,72,33,53.0,56.0,0.04,6.0,3.0,27.5192307692,0.0,0.0,47.8366910867,27.5192307692,9.14285714286,11.1746031746,14.2692307692,,,,,5.09452889987,1.00558659218,6.11886969318,28.5384615385,5.09615384615,20.3846153846,7.0,0.0,2.0,0.0,4.0,1.0,1.0,1.0,0.0,44.6794782931, -0.0114847499916,
33116,Cazats,72,33,315.0,314.0,7.48,15.0,9.0,127.5,5.0,1.0,158.081560284,127.5,5.4609929078,25.1205673759,98.5714285714,144.0,,19723.6,,57.6988094472,47.1200603718,65.2924091386,204.642857143,13.9285714286,146.785714286,38.0,15.0,0.0,5.0,15.0,2.0,3.0,4.0,1.0,44.473019034, -0.203200932598,
33129,Cleyrac,72,33,154.0,141.0,6.07,7.0,3.0,64.3291139241,1.0,1.0,73.2137293087,64.3291139241,6.91025641026,1.97435897436,52.6329113924,63.0,,17374.6666667,,33.539245069,16.9295852028,32.9963243989,101.367088608,7.79746835443,66.2784810127,33.0,18.0,2.0,0.0,11.0,2.0,2.0,4.0,0.0,44.7187705333, -0.0383372674584,
33130,Coimères,72,33,904.0,724.0,12.91,44.0,28.0,352.390852391,13.0,8.0,377.977808913,352.390852391,5.68599033816,19.9009661836,261.239085239,346.0,,20617.6666667,,117.648367591,95.9500486791,117.512159729,584.498960499,45.106029106,440.723492723,77.0,16.0,3.0,9.0,40.0,9.0,9.0,9.0,2.0,44.5004950775, -0.212633821506,
33143,Cubzac-les-Ponts,72,33,2261.0,1927.0,8.92,122.0,41.0,908.0,41.0,6.0,991.0,908.0,20.0,63.0,661.0,932.0,64.3394199785,19693.5,12.35529,308.756216566,235.718373569,310.276701412,1489.0,132.0,1140.0,127.0,9.0,8.0,39.0,59.0,22.0,12.0,28.0,5.0,44.9696352985, -0.446132776747,
33144,Cudos,72,33,835.0,788.0,34.21,48.0,35.0,333.70393994,5.0,7.0,383.309012404,333.70393994,20.6687801932,28.9362922705,238.069274225,317.0,,17907.5854701,,167.564608949,134.169518438,154.643588384,502.313450121,46.7999427965,371.347372189,78.0,38.0,4.0,2.0,30.0,9.0,4.0,9.0,3.0,44.3779081527, -0.188470066299,
33154,Les Églisottes-et-Chalaures,72,33,2193.0,2105.0,17.16,140.0,73.0,867.729548654,35.0,27.0,1002.0715355,867.729548654,21.5291645588,112.812822288,609.428659753,817.0,45.7107843137,15880.8695652,26.17647,347.092919548,248.086925546,319.051780974,1296.1082665,143.267323156,832.397071687,163.0,17.0,9.0,26.0,97.0,62.0,14.0,14.0,7.0,45.0928940224, -0.0328830508669,
33159,Étauliers,72,33,1499.0,1437.0,12.98,105.0,53.0,693.0,18.0,9.0,850.0,693.0,16.0,141.0,374.0,700.0,,17395.3333333,,363.205094177,285.664063754,335.866562987,957.0,116.0,681.0,136.0,13.0,7.0,21.0,76.0,36.0,19.0,28.0,5.0,45.2209962068, -0.581677744347,
33220,Lamarque,72,33,1235.0,1101.0,8.91,96.0,100.0,463.967279708,20.0,19.0,534.883455216,463.967279708,19.5276425311,51.3885329765,336.376277789,454.0,,18820.0,,231.132429714,177.654100599,173.806345,748.14723853,90.8602589429,598.324471124,83.0,11.0,2.0,14.0,40.0,16.0,16.0,16.0,5.0,45.0938248209, -0.711211655735,
33321,Peujard,72,33,1906.0,1655.0,10.98,93.0,72.0,671.045396723,24.0,10.0,700.732233241,671.045396723,6.18475760793,23.5020789101,522.023347185,712.0,60.7344632768,19437.0833333,7.13573,431.093246616,363.813078626,281.758537733,1190.70923727,90.1271078046,970.874191004,146.0,41.0,10.0,25.0,57.0,16.0,13.0,22.0,10.0,45.0484108625, -0.431387189025,
33331,Pondaurat,72,33,479.0,372.0,8.74,18.0,20.0,188.88671024,8.0,2.0,205.425171778,188.88671024,10.3365384615,6.20192307692,149.230936819,185.0,,17521.3333333,,71.6129890461,47.8002361347,58.163718346,275.503267974,18.7843137255,213.932461874,78.0,27.0,6.0,9.0,23.0,8.0,13.0,20.0,1.0,44.5317947567, -0.0798688844488,
33383,Saint-Christoly-Médoc,72,33,285.0,295.0,7.55,18.0,21.0,138.513986014,2.0,5.0,219.513986014,138.513986014,51.0,30.0,102.63986014,124.0,,18315.5555556,,104.023005679,70.383040028,99.4032079034,179.370629371,19.9300699301,138.513986014,57.0,27.0,0.0,3.0,25.0,6.0,2.0,13.0,1.0,45.3574015951, -0.834464734201,
33423,Saint-Julien-Beychevelle,72,33,653.0,719.0,16.3,51.0,29.0,293.376811594,9.0,4.0,399.635684246,293.376811594,25.7597267034,80.499145948,145.111111111,273.0,,20003.0,,611.49467985,572.690971611,631.403239421,414.30273752,33.6489533011,318.61352657,89.0,32.0,4.0,3.0,47.0,10.0,3.0,14.0,14.0,45.1572384693, -0.737068946375,
74223,La Rivière-Enverse,82,74,447.0,444.0,7.98,30.0,20.0,189.0,6.0,2.0,393.663934426,189.0,140.139344262,64.5245901639,143.0,188.0,,25006.25,,42.817185019,23.8556661092,41.3344678979,292.0,7.0,223.0,57.0,7.0,4.0,9.0,25.0,5.0,12.0,10.0,0.0,46.0896743627, 6.63334619957,
74241,Saint-Jeoire,82,74,3212.0,3112.0,22.75,244.0,87.0,1260.1219967,49.0,14.0,1628.0298636,1260.1219967,244.084153825,123.823713072,818.026689984,1319.0,65.9832953683,22643.9130435,9.86334,829.284008533,676.515087991,871.885436173,2145.09409923,161.399873882,1726.1923843,308.0,17.0,20.0,47.0,169.0,40.0,55.0,69.0,17.0,46.1392092512, 6.46500057209,
74292,Vaulx,82,74,861.0,819.0,11.19,41.0,23.0,318.186185898,13.0,3.0,351.335357169,318.186185898,4.14364640884,29.0055248619,273.457137401,333.0,,22217.1428571,,102.240398518,49.549789921,99.016542712,588.559431883,22.3645242484,459.455132812,78.0,19.0,4.0,10.0,38.0,9.0,7.0,12.0,0.0,45.9255788911, 5.99894217943,
74301,Villard,82,74,757.0,721.0,7.42,46.0,19.0,286.267478968,6.0,6.0,433.862892563,286.267478968,117.208122561,30.3872910343,202.188918712,278.0,,23512.3809524,,165.400362619,131.318834809,177.447101301,522.794511639,28.0261867521,392.366614529,60.0,11.0,3.0,8.0,31.0,6.0,7.0,9.0,1.0,46.2123462222, 6.450248937,
74308,Vinzier,82,74,723.0,786.0,6.51,31.0,23.0,299.343878955,6.0,9.0,401.081105232,299.343878955,57.4160583942,44.3211678832,245.640990371,312.0,,22286.4516129,,206.392580286,164.52106409,194.357979938,472.386519945,24.8624484182,364.980742779,83.0,16.0,4.0,6.0,41.0,10.0,16.0,10.0,3.0,46.3449767077, 6.61043449085,
76002,Alvimare,23,76,601.0,501.0,6.73,38.0,17.0,210.0,15.0,4.0,220.0,210.0,4.0,6.0,189.0,212.0,,19486.6666667,,82.1896913392,65.1803285657,63.9146496869,383.0,21.0,277.0,39.0,12.0,2.0,5.0,15.0,4.0,5.0,7.0,3.0,49.6071633233, 0.63205346079,
76059,Bazinval,23,76,383.0,333.0,7.18,17.0,11.0,148.944444444,5.0,5.0,175.36482661,148.944444444,15.0973612375,11.3230209281,136.371212121,152.0,,18176.1904762,,33.2867152969,21.6806546909,29.8123837637,242.76010101,19.3434343434,173.123737374,30.0,6.0,2.0,8.0,11.0,3.0,3.0,6.0,0.0,49.9483550946, 1.54755894168,
76066,Beautot,23,76,121.0,115.0,3.5,11.0,5.0,44.0,4.0,0.0,52.0,44.0,2.0,6.0,37.0,47.0,,20775.0,,121.568837773,107.526372855,51.0670864887,79.0,2.0,67.0,20.0,10.0,1.0,1.0,7.0,2.0,1.0,0.0,2.0,49.63626441, 1.04779451017,
76156,Canouville,23,76,324.0,285.0,4.49,28.0,15.0,113.648097953,2.0,1.0,149.540405645,113.648097953,23.6133603239,12.2789473684,79.7530511951,118.0,,17971.3333333,,20.9365313265,16.9502628456,31.6737301501,206.364249487,13.9567839591,153.524623551,23.0,4.0,3.0,0.0,14.0,6.0,2.0,5.0,0.0,49.8064199555, 0.597683771595,
21238,Échannay,26,21,120.0,120.0,7.18,8.0,4.0,50.0,2.0,0.0,65.0,50.0,10.0,5.0,45.0,50.0,,21978.4615385,,7.0,1.0,9.95417807682,73.0,3.0,56.0,13.0,4.0,1.0,1.0,6.0,1.0,1.0,1.0,0.0,47.2810233886, 4.68018125598,
21285,Franxault,26,21,436.0,402.0,12.32,25.0,17.0,176.730512249,9.0,1.0,203.107616627,176.730512249,11.6059259259,14.7711784512,144.68596882,175.0,,19094.7619048,,41.4847187914,20.7470709858,56.9785138138,285.487750557,24.276169265,219.456570156,44.0,15.0,2.0,3.0,18.0,5.0,6.0,7.0,0.0,47.0475621038, 5.26433353481,
58303,Varennes-Vauzelles,26,58,9503.0,9439.0,33.99,352.0,687.0,4413.90750678,74.0,142.0,4708.21658957,4413.90750678,72.1345791142,222.174503672,2846.52205561,4325.0,69.5048588616,19658.0,9.5685,5066.23056511,4709.51149028,4951.48436594,5673.86308115,483.804059192,4013.619185,638.0,32.0,40.0,67.0,434.0,147.0,65.0,219.0,82.0,47.0372879565, 3.14354311851,
59001,Abancourt,31,59,445.0,453.0,5.67,26.0,14.0,174.0,4.0,3.0,191.0,174.0,4.0,13.0,160.0,182.0,,21712.3809524,,61.788036027,43.7460363482,47.9105614332,297.0,12.0,230.0,33.0,6.0,2.0,4.0,18.0,6.0,3.0,8.0,0.0,50.2368696873, 3.20731301738,
59025,Aubers,31,59,1537.0,1521.0,10.14,64.0,51.0,591.770032573,6.0,15.0,623.974505417,591.770032573,8.05111821086,24.1533546326,532.693159609,600.0,,24983.0,,199.593600488,132.101641275,161.844559762,1025.33420195,38.0495114007,705.918566775,135.0,35.0,3.0,11.0,72.0,12.0,14.0,26.0,3.0,50.5960514415, 2.81995366841,Métropole européenne de Lille
59031,Audignies,31,59,306.0,284.0,3.66,16.0,9.0,112.0,4.0,0.0,122.0,112.0,2.0,8.0,95.0,120.0,,22486.6666667,,35.8823115297,27.9163879068,32.2888636017,209.0,10.0,153.0,20.0,9.0,1.0,1.0,7.0,1.0,2.0,4.0,1.0,50.2783465062, 3.82456125193,
59044,Baisieux,31,59,4571.0,4084.0,8.68,260.0,116.0,1743.0,55.0,31.0,1816.0,1743.0,7.0,66.0,1277.0,1736.0,73.099078341,22950.0,5.88682,1018.99168061,883.682780205,989.468846434,3009.0,155.0,2268.0,328.0,19.0,18.0,29.0,218.0,43.0,44.0,70.0,13.0,50.6111718868, 3.24121907398,Métropole européenne de Lille
59144,Château-l'Abbaye,31,59,878.0,851.0,4.41,44.0,16.0,309.238958097,9.0,8.0,333.388490808,309.238958097,4.02492211838,20.1246105919,260.516421291,310.0,,22109.5,,81.6773598019,57.8075976275,82.3461199051,593.619479049,37.7848244621,435.5198188,47.0,3.0,1.0,6.0,30.0,7.0,7.0,9.0,1.0,50.4858024683, 3.47414949128,
59164,Croix-Caluyau,31,59,254.0,225.0,4.01,12.0,15.0,100.418604651,5.0,2.0,109.588415972,100.418604651,3.05660377358,6.11320754717,79.7441860465,93.0,,20996.6666667,,28.4235082163,17.5781769662,22.2067897377,162.441860465,12.7984496124,126.015503876,19.0,9.0,2.0,0.0,5.0,4.0,3.0,5.0,0.0,50.152088377, 3.58548579583,
59195,Englos,31,59,562.0,567.0,1.35,30.0,15.0,212.377896613,7.0,0.0,223.994104564,212.377896613,0.0,11.6162079511,170.303030303,206.0,,27121.3333333,,1961.91455426,1915.34670129,2026.04899779,392.698752228,29.0516934046,303.540106952,123.0,2.0,0.0,3.0,113.0,58.0,5.0,56.0,22.0,50.6262888459, 2.9579931684,Métropole européenne de Lille
59200,Eringhem,31,59,471.0,454.0,11.53,32.0,19.0,177.364016736,8.0,1.0,186.272180002,177.364016736,5.9387755102,2.9693877551,139.920502092,172.0,,18199.0,,61.4240241711,47.5866530923,52.7959246725,292.650627615,17.7364016736,202.983263598,41.0,21.0,0.0,1.0,16.0,3.0,3.0,8.0,1.0,50.889329927, 2.31351250902,
59218,Étroeungt,31,59,1409.0,1368.0,25.1,110.0,52.0,557.958504615,14.0,16.0,638.466441123,557.958504615,11.0698412698,69.4380952381,391.78447907,525.0,,16574.0,,192.270142442,103.755157468,199.504537341,873.19897235,83.5870659468,631.481041819,117.0,54.0,2.0,13.0,39.0,14.0,9.0,16.0,2.0,50.0620601477, 3.94319652795,
14511,Pont-Bellanger,25,14,65.0,69.0,3.54,3.0,6.0,28.0,0.0,1.0,52.3333333333,28.0,18.25,6.08333333333,20.0,,,,,14.959994779,6.95999477901,14.1855675467,35.0,3.0,26.0,10.0,8.0,0.0,0.0,1.0,1.0,1.0,2.0,0.0,48.9351528941, -0.982806859823,
09109,Durfort,73,09,159.0,178.0,10.98,2.0,11.0,67.3067484663,1.0,2.0,84.8305579901,67.3067484663,6.57142857143,10.9523809524,45.8466257669,58.0,,15968.0,,26.3751746341,9.79235254821,24.7861832521,100.472392638,13.6564417178,77.0613496933,27.0,17.0,2.0,3.0,4.0,0.0,1.0,3.0,0.0,43.1953151642, 1.46374682599,
09139,L'Hospitalet-près-l'Andorre,73,09,91.0,98.0,26.12,3.0,3.0,44.4711879411,0.0,1.0,116.611860724,44.4711879411,37.1009174312,35.0397553517,12.1379509719,,,,,69.3872814429,66.3643377963,66.4108093984,58.6552189344,5.05747957162,47.5287638768,38.0,0.0,4.0,0.0,29.0,11.0,5.0,11.0,2.0,42.595464483, 1.7777228207,
09161,Léran,73,09,640.0,520.0,11.92,19.0,30.0,294.364823255,3.0,5.0,445.461119551,294.364823255,98.587654321,52.5086419753,218.08780701,255.0,,17855.5,,129.773637271,92.5422695622,115.989019388,417.6148963,46.121637719,272.729736412,62.0,10.0,2.0,6.0,39.0,10.0,5.0,9.0,1.0,42.9847156991, 1.91842200411,
09163,Lescousse,73,09,82.0,91.0,8.48,4.0,8.0,33.4074074074,1.0,1.0,44.4074074074,33.4074074074,4.0,7.0,25.3086419753,,,,,19.1468968395,4.98015492734,17.2595630254,49.6049382716,4.04938271605,31.3827160494,19.0,9.0,1.0,2.0,6.0,0.0,1.0,1.0,0.0,43.1491432364, 1.51328236533,
09193,Mijanès,73,09,80.0,91.0,39.95,2.0,4.0,49.0322580645,0.0,1.0,162.895505928,49.0322580645,111.086095476,2.77715238691,40.0,,,,,27.7428770826,18.7106190181,27.9456711287,37.4193548387,2.58064516129,21.935483871,7.0,2.0,0.0,0.0,4.0,1.0,1.0,4.0,0.0,42.7102290438, 2.01220690511,
09234,Pradières,73,09,115.0,105.0,6.79,1.0,3.0,50.7657657658,2.0,2.0,60.2157657658,50.7657657658,8.4,1.05,44.5495495495,49.0,,18854.9,,11.3243241129,8.21621600477,8.86917869313,75.6306306306,4.14414414414,54.9099099099,9.0,4.0,0.0,2.0,2.0,0.0,1.0,1.0,0.0,42.9611572235, 1.65602192048,
09237,Le Puch,73,09,41.0,26.0,2.89,1.0,2.0,19.9459459459,0.0,0.0,60.2907735322,19.9459459459,40.3448275862,0.0,17.7297297297,,,,,4.43243243243,4.43243243243,1.95088717028,18.8378378378,1.10810810811,9.97297297297,2.0,1.0,0.0,0.0,0.0,0.0,1.0,0.0,0.0,42.7207669696, 2.09926724082,
09256,Saint-Bauzeil,73,09,72.0,52.0,4.47,6.0,1.0,22.5,0.0,1.0,33.2407407407,22.5,3.22222222222,7.51851851852,19.125,,,,,10.125,0.0,10.7815509623,50.625,2.25,41.625,9.0,3.0,1.0,0.0,4.0,2.0,1.0,0.0,0.0,43.082423951, 1.58105497045,
09287,Senconac,73,09,9.0,5.0,4.67,0.0,0.0,6.0,1.0,0.0,24.7826086957,6.0,16.6956521739,2.08695652174,5.0,,,,,,,,2.0,1.0,2.0,2.0,1.0,0.0,0.0,0.0,0.0,1.0,0.0,0.0,42.8128619696, 1.71656632425,
09329,Vernajoul,73,09,679.0,697.0,9.08,29.0,21.0,305.133435583,4.0,7.0,347.39584693,305.133435583,23.7081819754,18.5542293721,247.855828221,291.0,,19819.6,,70.9491733495,39.8835923271,48.8401568543,396.777607362,28.1180981595,320.754601227,47.0,14.0,1.0,10.0,18.0,7.0,4.0,7.0,0.0,42.9930828905, 1.59212252039,
04170,La Rochette,93,04,62.0,56.0,18.8,1.0,2.0,28.6153846154,0.0,0.0,86.6742081448,28.6153846154,53.1385842473,4.92023928215,20.9846153846,,,,,15.7367914738,6.12709771926,14.0614935478,39.1076923077,0.953846153846,26.7076923077,11.0,6.0,0.0,0.0,4.0,0.0,1.0,1.0,1.0,43.9122760348, 6.88070058923,
04176,Sainte-Croix-du-Verdon,93,04,122.0,140.0,13.7,9.0,4.0,64.5289256198,0.0,0.0,266.93752777,64.5289256198,196.45540797,5.9531941809,43.3553719008,59.0,,19744.7826087,,43.1082034965,16.9717084004,58.2279352111,61.5041322314,6.04958677686,49.4049586777,50.0,12.0,4.0,1.0,31.0,5.0,2.0,4.0,1.0,43.7642821493, 6.15158882357,
05020,Bénévent-et-Charbillac,93,05,,,,,,,,,,,,,,,,,,,,36.8855651423,,,,41.0,15.0,3.0,5.0,15.0,1.0,3.0,5.0,0.0,44.7041185824, 6.08385214149,
05093,Névache,93,05,366.0,326.0,191.93,20.0,9.0,159.0,2.0,4.0,777.0,159.0,568.0,50.0,94.0,145.0,,17067.0833333,,155.973630417,86.4704827721,137.827601139,246.0,10.0,189.0,119.0,12.0,7.0,11.0,68.0,9.0,21.0,16.0,1.0,45.0441286352, 6.59862935541,
05134,Saint-Clément-sur-Durance,93,05,295.0,271.0,25.06,17.0,8.0,134.0,2.0,1.0,247.947826087,134.0,91.1582608696,22.7895652174,92.0,130.0,,18015.7142857,,43.9284602246,24.0285693312,34.7073087466,201.0,9.0,146.0,62.0,11.0,9.0,12.0,20.0,7.0,10.0,9.0,0.0,44.6478034969, 6.56074041767,
05145,Saint-Jean-Saint-Nicolas,93,05,992.0,925.0,37.17,48.0,76.0,425.81433443,13.0,15.0,809.494263696,425.81433443,322.619227934,61.0607013321,284.21098265,409.0,,18606.1111111,,397.777217035,294.316446754,369.690210513,586.203628188,20.9126363707,440.346847191,180.0,27.0,7.0,16.0,103.0,21.0,27.0,33.0,7.0,44.6744954225, 6.23085847467,
05158,Le Saix,93,05,102.0,87.0,22.15,1.0,2.0,52.9615384615,2.0,2.0,122.142490842,52.9615384615,67.1462184874,2.03473389356,35.3076923077,49.0,,18903.3333333,,18.7581171759,7.95042486825,14.6441805413,60.8076923077,3.92307692308,44.1346153846,21.0,8.0,1.0,2.0,7.0,3.0,3.0,3.0,0.0,44.4638478254, 5.83381616664,
05174,Val-des-Prés,93,05,579.0,486.0,44.77,33.0,16.0,260.624834629,8.0,4.0,568.98594574,260.624834629,259.379562776,48.9815483353,145.707912889,255.0,,19072.5076923,,60.6671246751,36.0785615958,86.9513640227,382.956626294,22.0769564984,312.726451965,85.0,14.0,5.0,15.0,41.0,4.0,10.0,11.0,1.0,44.9505522191, 6.66654834986,
06008,Auvare,93,06,45.0,54.0,18.27,0.0,0.0,17.6086956522,0.0,1.0,36.6086956522,17.6086956522,18.0,1.0,13.6956521739,,,,,12.5606168824,8.64757340411,7.13013880024,32.2826086957,2.9347826087,25.4347826087,11.0,3.0,1.0,0.0,5.0,0.0,2.0,0.0,0.0,44.0074205826, 6.91467896828,
06057,L'Escarène,93,06,2449.0,2301.0,10.67,118.0,268.0,949.218278616,28.0,59.0,1180.48494528,949.218278616,109.025714286,122.240952381,594.998225377,897.0,63.0167597765,18551.6666667,12.75054,600.060222205,483.714215361,522.70464852,1451.35977105,112.431824904,1071.59479444,280.0,15.0,8.0,49.0,166.0,38.0,42.0,39.0,11.0,43.8339717674, 7.36565804143,
06065,La Gaude,93,06,6695.0,6670.0,13.1,278.0,199.0,2571.78346165,43.0,47.0,2857.5090917,2571.78346165,151.313854788,134.411775264,2019.45627466,2567.0,79.0870074132,25550.6666667,6.30741,1969.44767463,1582.11509878,2055.12825462,4230.63949093,272.029585584,3179.17776534,888.0,72.0,33.0,131.0,578.0,145.0,74.0,133.0,23.0,43.721423765, 7.16039926444,Nice Côte d'Azur
08090,Carignan,21,08,2987.0,3178.0,14.01,180.0,243.0,1322.0,27.0,47.0,1516.0,1322.0,27.0,167.0,700.0,1285.0,49.2990654206,16350.0,22.1121,1261.68385958,1130.60636415,1344.70935383,1768.0,204.0,1216.0,256.0,17.0,24.0,15.0,154.0,55.0,46.0,78.0,21.0,49.6387329311, 5.1718269254,
08273,Marby,21,08,64.0,64.0,7.35,1.0,1.0,36.2666666667,0.0,2.0,45.2666666667,36.2666666667,6.0,3.0,32.0,,,,,7.34308899264,2.0097556593,9.83435877315,34.1333333333,3.2,28.8,16.0,12.0,0.0,0.0,3.0,0.0,1.0,3.0,0.0,49.8351105906, 4.42694488413,
08305,Montigny-sur-Vence,21,08,219.0,220.0,8.24,21.0,9.0,85.4394618834,3.0,2.0,91.4394618834,85.4394618834,1.0,5.0,69.7264573991,87.0,,20417.9166667,,10.7980714117,1.95950638929,11.5315252952,145.34529148,5.89237668161,115.883408072,25.0,14.0,0.0,1.0,9.0,4.0,1.0,2.0,0.0,49.6451389564, 4.61254914109,
08380,Saint-Fergeux,21,08,201.0,197.0,25.5,14.0,12.0,83.2424242424,1.0,2.0,103.909090909,83.2424242424,6.57575757576,14.0909090909,65.9848484848,81.0,,18784.6666667,,26.1469171635,8.97600462128,34.1363666306,134.0,12.1818181818,99.4848484848,33.0,19.0,1.0,5.0,6.0,1.0,2.0,10.0,0.0,49.5733658942, 4.20117468938,
08434,Sy,21,08,48.0,41.0,7.97,3.0,3.0,22.0,2.0,1.0,27.0,22.0,5.0,0.0,18.0,,,,,12.2387277552,5.23872775516,11.6146121652,33.0,1.0,22.0,13.0,9.0,0.0,1.0,1.0,0.0,2.0,1.0,0.0,49.5140552485, 4.87192502711,
08451,Le Thour,21,08,362.0,321.0,16.62,27.0,16.0,130.534800496,5.0,5.0,158.886315648,130.534800496,5.45221445221,22.8993006993,105.714803219,140.0,,18315.5555556,,39.9769621441,13.1513829143,31.2234295165,215.594076897,18.3851831685,159.194312349,51.0,24.0,6.0,3.0,15.0,6.0,3.0,8.0,0.0,49.5452885038, 4.09027414774,
08472,Viel-Saint-Remy,21,08,274.0,245.0,22.63,21.0,14.0,111.489655172,6.0,2.0,144.156321839,111.489655172,15.8383838384,16.8282828283,90.7034482759,113.0,,20065.5555556,,28.754670134,8.75247400941,33.9589113577,167.234482759,9.44827586207,132.275862069,34.0,25.0,0.0,2.0,4.0,2.0,3.0,5.0,0.0,49.632572198, 4.48367438059,
08491,Vrigne-aux-Bois,21,08,3376.0,3499.0,8.04,222.0,141.0,1438.0,35.0,30.0,1538.93679599,1438.0,4.99687108886,95.9399249061,813.720232794,1387.0,57.7006507592,16945.2173913,20.1215,1572.34806618,1425.63742086,1665.9105443,2179.26755307,250.042409294,1512.47167196,247.0,11.0,35.0,21.0,147.0,42.0,33.0,60.0,29.0,49.7370150528, 4.85605381662,
09012,Appy,73,09,31.0,23.0,6.1,4.0,2.0,13.9292550314,0.0,1.0,36.5763138549,13.9292550314,22.6470588235,0.0,11.7862927189,,,,,10.1129369612,2.07848471155,4.4413662111,15.9992638123,0.0,13.8563014998,6.0,2.0,1.0,0.0,1.0,0.0,2.0,0.0,0.0,42.8035768143, 1.74201642035,
09014,Argein,73,09,186.0,162.0,11.09,11.0,13.0,96.7959183673,0.0,1.0,191.817308742,96.7959183673,78.3143327261,16.7070576482,71.1734693878,96.0,,17863.4782609,,26.0886783051,13.7009245289,26.5467598862,97.7448979592,18.0306122449,71.1734693878,33.0,13.0,3.0,7.0,8.0,1.0,2.0,2.0,0.0,42.924142227, 0.990874865954,
09037,Barjac,73,09,36.0,39.0,2.78,5.0,0.0,15.3,0.0,0.0,25.3,15.3,10.0,0.0,10.8,,,,,3.6,0.0,3.12233175641,21.6,3.6,16.2,9.0,5.0,0.0,0.0,3.0,2.0,1.0,0.0,0.0,43.062297676, 1.13524619399,
09062,Les Bordes-sur-Lez,73,09,169.0,162.0,50.46,6.0,16.0,88.4764705882,0.0,1.0,321.786470588,88.4764705882,203.01,30.3,63.6235294118,83.0,,19369.5833333,,27.050183065,17.9997798306,32.0718336499,88.4764705882,17.8941176471,55.6705882353,19.0,7.0,4.0,3.0,4.0,1.0,1.0,1.0,1.0,42.8335034576, 1.03424218178,
09071,Cadarcet,73,09,236.0,227.0,11.01,10.0,11.0,109.407328947,3.0,1.0,159.74066228,109.407328947,48.2789115646,2.05442176871,83.0685275338,102.0,,19602.7777778,,35.370847313,16.1232616649,49.2895387218,138.761101568,10.1182476043,111.409269331,41.0,16.0,4.0,3.0,10.0,4.0,8.0,4.0,1.0,43.0136914773, 1.50207192139,
09085,Castillon-en-Couserans,73,09,428.0,398.0,4.94,20.0,70.0,197.579192718,2.0,22.0,379.172113072,197.579192718,137.203539823,44.389380531,111.454929225,183.0,,18746.0,,176.30394113,122.977856335,187.840174892,224.912031538,22.2909858451,145.904634622,83.0,6.0,8.0,4.0,35.0,11.0,30.0,11.0,3.0,42.9165658331, 1.05571963783,
09093,Celles,73,09,119.0,115.0,10.27,11.0,6.0,59.5,0.0,1.0,103.064356436,59.5,29.702970297,13.8613861386,40.6583333333,59.0,,16136.0,,6.97629107981,0.0,4.89143769514,78.3416666667,5.95,56.525,12.0,2.0,1.0,4.0,2.0,1.0,3.0,1.0,0.0,42.916897965, 1.6969424831,
01016,Arbigny,82,01,414.0,352.0,17.47,23.0,12.0,162.902255639,4.0,6.0,204.120529751,162.902255639,23.7005076142,17.5177664975,139.037593985,168.0,,19225.7142857,,31.9296545967,16.3657448223,33.1779549133,259.398496241,15.5639097744,195.067669173,31.0,7.0,2.0,4.0,16.0,1.0,2.0,3.0,0.0,46.4776762988, 4.9599416863,
01022,Artemare,82,01,1175.0,1081.0,3.75,49.0,54.0,549.629589754,11.0,10.0,709.632588255,549.629589754,45.7151424288,114.287856072,328.952793868,553.0,,18276.6666667,,402.561331692,324.20837045,360.256321951,718.178408516,51.5599990389,534.75102929,130.0,4.0,14.0,12.0,66.0,19.0,34.0,38.0,6.0,45.8695891748, 5.69065283943,
01037,Bénonces,82,01,277.0,271.0,15.33,16.0,17.0,120.859496572,2.0,3.0,178.859496572,120.859496572,37.649122807,20.350877193,95.4688460317,109.0,,20288.0,,27.3773693121,15.1898570527,27.6038727613,177.527739638,7.1093821513,120.859496572,25.0,11.0,1.0,1.0,10.0,2.0,2.0,5.0,0.0,45.8374974718, 5.48285330863,
01063,Brion,82,01,517.0,511.0,4.48,22.0,11.0,208.978927203,3.0,2.0,230.886876994,208.978927203,3.98326359833,17.9246861925,161.438697318,204.0,,22866.3333333,,436.184062264,398.086147548,469.43335603,333.772030651,16.837164751,259.490421456,65.0,7.0,8.0,8.0,34.0,6.0,8.0,10.0,8.0,46.1686327301, 5.54656422194,
01110,Colomieu,82,01,118.0,117.0,5.96,8.0,3.0,58.0923076923,2.0,1.0,82.758974359,58.0923076923,15.696969697,8.9696969697,46.2923076923,65.0,,21118.6666667,,25.607078169,15.4505989092,13.3325918101,72.6153846154,5.44615384615,56.2769230769,17.0,5.0,1.0,2.0,8.0,4.0,1.0,3.0,0.0,45.7361469025, 5.62670101041,
01112,Condamine,82,01,418.0,380.0,4.64,29.0,6.0,151.059405941,4.0,4.0,169.478010592,151.059405941,11.2558139535,7.16279069767,115.881188119,151.0,,20368.5714286,,98.2018354474,83.8264889951,94.7006539304,270.044554455,13.4504950495,227.623762376,35.0,3.0,3.0,5.0,20.0,5.0,4.0,10.0,1.0,46.105831161, 5.55568206762,
01115,Confrançon,82,01,1245.0,1059.0,18.17,72.0,31.0,503.1875,14.0,9.0,540.761644487,503.1875,11.4809885932,26.0931558935,355.8625,494.0,,20125.5555556,,229.429603059,168.571770911,186.937565234,798.875,39.425,652.5875,112.0,28.0,9.0,14.0,55.0,13.0,6.0,23.0,2.0,46.270304175, 5.05775217893,
01180,Grilly,82,01,779.0,677.0,7.5,25.0,9.0,327.197173536,4.0,1.0,409.32483311,327.197173536,57.4893617021,24.6382978723,247.442862487,281.0,,36543.0,,115.336884076,85.8799655707,85.5272608737,510.130912828,23.5172968479,386.455571412,55.0,12.0,4.0,3.0,33.0,12.0,3.0,11.0,1.0,46.3318810665, 6.11366767978,
01224,Loyettes,82,01,3004.0,2439.0,21.28,232.0,67.0,1133.0,49.0,17.0,1213.0,1133.0,21.0,59.0,815.0,1151.0,63.8575152042,20535.0,9.46945,767.829526319,642.366277064,802.185180024,1931.0,173.0,1522.0,219.0,16.0,18.0,46.0,121.0,32.0,18.0,52.0,16.0,45.7921564114, 5.21770971647,
01235,Marlieux,82,01,960.0,758.0,16.85,76.0,25.0,378.936138963,14.0,8.0,435.256940968,378.936138963,25.5037593985,30.8170426065,230.609707426,399.0,,20257.5,,170.112571165,124.281811624,154.251568738,594.05595723,32.4802404825,468.798137631,90.0,15.0,7.0,11.0,43.0,11.0,14.0,18.0,3.0,46.0549073186, 5.0741150816,
01306,Pont-de-Veyle,82,01,1604.0,1496.0,1.94,88.0,142.0,716.764219237,19.0,32.0,809.534471561,716.764219237,18.013641228,74.7566110961,281.514637639,696.0,,17892.6666667,,848.18008517,754.394097959,866.400876879,961.086572254,86.8502605482,754.072793966,138.0,3.0,8.0,12.0,78.0,17.0,37.0,29.0,11.0,46.2637215091, 4.88186068102,
01310,Prémeyzel,82,01,222.0,250.0,7.63,12.0,14.0,52.0863528214,5.0,3.0,69.8431095781,52.0863528214,11.8378378378,5.91891891892,41.2759777075,54.0,,20040.4761905,,124.00093756,110.374721898,132.499697954,164.864109417,5.89656824393,60.969985442,14.0,3.0,3.0,2.0,3.0,1.0,3.0,3.0,2.0,45.6806263123, 5.64396081449,
01348,Saint-Didier-sur-Chalaronne,82,01,2776.0,2616.0,24.98,154.0,107.0,1138.07953851,20.0,31.0,1280.95744878,1138.07953851,70.9462726899,71.9316375884,793.962587774,1101.0,64.116575592,19864.5833333,10.28975,933.174626415,765.906763967,860.197821729,1677.75912657,115.708449989,1262.78906932,292.0,44.0,20.0,40.0,164.0,61.0,24.0,58.0,17.0,46.1840408682, 4.81645666173,
01396,Sault-Brénaz,82,01,1029.0,1043.0,5.61,71.0,38.0,458.102884615,10.0,8.0,533.102884615,458.102884615,23.0,52.0,257.25,456.0,,17939.3333333,,211.532801408,180.799613263,242.160220033,654.008653846,70.2490384615,482.838461538,64.0,2.0,11.0,14.0,28.0,6.0,9.0,10.0,5.0,45.8654038798, 5.40416104083,
01450,Villieu-Loyes-Mollon,82,01,3200.0,2790.0,15.91,208.0,78.0,1197.99999995,53.0,17.0,1359.94083267,1197.99999995,88.5142439737,73.4265887509,965.922323856,1277.0,73.4117647059,22887.7777778,5.06021,620.748075538,510.243962886,700.883217627,2105.64637432,113.852664448,1625.11810242,271.0,22.0,19.0,48.0,141.0,32.0,41.0,42.0,13.0,45.932014998, 5.22953071636,
02076,Bertricourt,22,02,169.0,133.0,4.48,6.0,5.0,54.08,2.0,0.0,58.9005128205,54.08,1.20512820513,3.61538461538,46.3542857143,56.0,,20757.6923077,,11.7361390409,8.80471046947,14.5492745367,103.331428571,8.69142857143,85.9485714286,20.0,5.0,4.0,6.0,3.0,2.0,2.0,3.0,0.0,49.3975285682, 4.01146178698,
02098,Bonneil,22,02,390.0,407.0,2.11,10.0,12.0,152.0,4.0,3.0,180.0,152.0,11.0,17.0,129.0,146.0,,21432.6666667,,99.7123603355,50.6138160253,82.1906340414,268.0,16.0,199.0,66.0,42.0,2.0,2.0,17.0,2.0,3.0,17.0,0.0,49.0082419817, 3.3459478468,
02161,La Chapelle-Monthodon,22,02,189.0,181.0,14.28,11.0,6.0,80.0,0.0,2.0,103.650943396,80.0,12.3396226415,11.3113207547,66.0,78.0,,22422.3809524,,60.9240737503,34.7025223575,50.7891870639,117.0,9.0,100.0,40.0,27.0,2.0,2.0,8.0,1.0,1.0,17.0,0.0,49.0225665961, 3.64502589064,
02220,Coulonges-Cohan,22,02,429.0,426.0,28.75,20.0,22.0,178.0,8.0,6.0,222.0,178.0,27.0,17.0,148.0,170.0,,19565.0,,61.9734053402,39.9734053402,66.7917813752,272.0,26.0,211.0,54.0,17.0,3.0,7.0,18.0,6.0,9.0,13.0,0.0,49.1980463524, 3.62776592985,
02233,Cramaille,22,02,131.0,120.0,8.12,6.0,6.0,53.0,2.0,1.0,77.0,53.0,17.0,7.0,39.0,54.0,,22778.6666667,,73.2214965398,62.1961800841,52.8438653803,95.0,6.0,79.0,21.0,9.0,0.0,2.0,8.0,4.0,2.0,2.0,1.0,49.2285541737, 3.45227303073,
02258,Dammard,22,02,406.0,419.0,7.96,16.0,13.0,163.007481297,1.0,3.0,176.368105078,163.007481297,10.277402909,3.08322087269,135.670822943,157.0,,19586.0,,65.3362110391,52.6198252903,59.8322281204,260.204488778,22.2743142145,198.443890274,40.0,8.0,4.0,5.0,20.0,4.0,3.0,7.0,1.0,49.1470522556, 3.17719709632,
02319,Fonsomme,22,02,530.0,507.0,9.6,17.0,18.0,191.196261682,5.0,4.0,208.36051289,191.196261682,4.038647343,13.1256038647,152.560747664,197.0,,17318.0,,41.660414844,25.8099475543,46.0993298848,358.61682243,39.6261682243,234.785046729,26.0,7.0,2.0,6.0,7.0,1.0,4.0,8.0,0.0,49.9012467271, 3.39650664791,
02323,Fontaine-Uterte,22,02,127.0,111.0,5.77,11.0,2.0,49.0,5.0,2.0,56.125,49.0,2.03571428571,5.08928571429,39.0,51.0,,21496.5517241,,13.0843070555,8.0843070555,17.2878542536,89.0,7.0,74.0,12.0,8.0,0.0,0.0,2.0,0.0,2.0,3.0,0.0,49.9252841672, 3.36796234214,
02327,Foreste,22,02,177.0,179.0,4.94,12.0,5.0,67.0,1.0,2.0,75.0,67.0,4.0,4.0,45.0,65.0,,17033.3333333,,25.088406263,20.0926435511,39.2491249174,105.0,12.0,70.0,15.0,5.0,0.0,2.0,4.0,0.0,4.0,6.0,0.0,49.8055794029, 3.09615936707,
02363,Guny,22,02,458.0,430.0,9.32,23.0,15.0,185.903405074,4.0,5.0,213.667556018,185.903405074,16.4528301887,11.3113207547,142.765598372,175.0,,17169.6,,118.737703823,105.488142001,153.952049168,297.77386082,32.8394258269,209.471540662,32.0,8.0,4.0,4.0,14.0,4.0,2.0,8.0,2.0,49.5120153085, 3.26082658052,
02371,Harly,22,02,1688.0,1761.0,3.76,79.0,69.0,761.113045831,10.0,16.0,799.742907813,761.113045831,2.46573587122,36.1641261112,557.477502443,755.0,,18642.4,,538.001715102,509.774364867,545.208499697,1031.52176445,134.076867676,699.47647132,54.0,2.0,5.0,8.0,32.0,11.0,7.0,16.0,10.0,49.8407051764, 3.33484724239,
02389,Jaulgonne,22,02,666.0,644.0,1.78,47.0,38.0,286.000515772,6.0,8.0,356.197144985,286.000515772,38.106741573,32.0898876404,224.999694609,276.0,,18774.0,,86.7213370557,59.9167849622,86.7674871407,400.00036104,42.0008469512,293.000506271,63.0,8.0,3.0,11.0,33.0,13.0,8.0,17.0,0.0,49.0895236955, 3.53359601877,
02392,Joncourt,22,02,317.0,328.0,7.25,17.0,12.0,123.059006211,1.0,4.0,142.452109659,123.059006211,11.2275862069,8.16551724138,115.183229814,124.0,,20747.2222222,,15.9687539499,8.87366353769,20.0724912817,204.770186335,14.7670807453,146.686335404,26.0,9.0,0.0,3.0,11.0,3.0,3.0,4.0,0.0,49.9601487798, 3.30407272701,
02402,Lanchy,22,02,50.0,55.0,3.69,5.0,0.0,18.2692307692,0.0,0.0,19.2692307692,18.2692307692,0.0,1.0,11.5384615385,,,,,4.83182566626,1.94721028164,3.86731743512,28.8461538462,0.961538461538,20.1923076923,8.0,3.0,0.0,0.0,4.0,0.0,1.0,0.0,0.0,49.8292105187, 3.07415428089,
02424,Leury,22,02,106.0,106.0,3.69,3.0,4.0,44.0,3.0,0.0,47.0,44.0,0.0,3.0,36.0,44.0,,18198.0,,13.0010927839,9.00109278388,10.0372679364,72.0,3.0,48.0,14.0,6.0,2.0,0.0,5.0,1.0,1.0,4.0,0.0,49.4269529918, 3.34130922178,
70106,Buffignécourt,43,70,124.0,117.0,6.27,8.0,7.0,53.0,2.0,0.0,72.0,53.0,16.0,3.0,45.0,51.0,,20182.2916667,,7.9863760218,3.9863760218,9.9836335685,90.0,8.0,70.0,14.0,8.0,1.0,1.0,3.0,0.0,1.0,2.0,0.0,47.8133675755, 6.02218860068,
70138,Chassey-lès-Scey,43,70,116.0,94.0,4.38,5.0,3.0,45.6692913386,2.0,1.0,60.9753022675,45.6692913386,9.00353584057,6.3024750884,30.1417322835,51.0,,18086.3333333,,196.098278539,188.256502971,209.550878496,63.937007874,8.22047244094,54.8031496063,8.0,1.0,2.0,1.0,3.0,0.0,1.0,4.0,2.0,47.643695982, 5.98609358914,
70170,Contréglise,43,70,123.0,99.0,9.61,4.0,7.0,54.325,2.0,0.0,65.4844202899,54.325,7.10144927536,4.05797101449,34.85,46.0,,19095.6666667,,13.2932229565,11.2432229565,16.5350384097,79.95,6.15,60.475,12.0,4.0,0.0,2.0,4.0,0.0,2.0,5.0,0.0,47.8413661613, 6.02951411465,
70176,Corravillers,43,70,200.0,196.0,11.2,9.0,19.0,99.5073891626,3.0,5.0,146.208026105,99.5073891626,32.7898089172,13.9108280255,79.802955665,97.0,,14877.3333333,,51.7192491049,33.947552007,46.884970556,120.197044335,10.8374384236,80.7881773399,28.0,7.0,4.0,2.0,12.0,2.0,3.0,5.0,1.0,47.8871053896, 6.6423540417,
70228,Faverney,43,70,928.0,1046.0,18.23,58.0,47.0,426.321084631,7.0,6.0,554.657276741,426.321084631,24.87135506,103.46483705,310.940607598,430.0,,18219.3333333,,298.647844467,259.478973712,339.1929632,584.769577369,38.1342254601,436.099091159,101.0,9.0,7.0,7.0,64.0,16.0,14.0,19.0,5.0,47.7661040283, 6.07998850446,
70255,Fresne-Saint-Mamès,43,70,517.0,475.0,9.95,36.0,30.0,227.762183236,3.0,2.0,282.330604288,227.762183236,16.1684210526,38.4,156.208576998,220.0,,17224.6666667,,146.834203183,116.740844486,166.96622457,323.502923977,16.1247563353,234.816764133,52.0,5.0,3.0,7.0,28.0,11.0,9.0,13.0,2.0,47.5529496769, 5.85669124269,
70273,Grammont,43,70,65.0,74.0,5.94,3.0,1.0,29.0,0.0,2.0,39.0,29.0,6.0,4.0,23.0,,,,,19.0691305076,8.03548216772,34.3063760263,33.0,6.0,26.0,16.0,12.0,0.0,0.0,3.0,0.0,1.0,3.0,0.0,47.5135309996, 6.51393062339,
70279,Gray,43,70,5716.0,6175.0,20.26,368.0,599.0,2605.73694323,59.0,157.0,3150.7626805,2605.73694323,67.8711295463,477.154607719,906.954496703,2494.0,45.5752212389,15358.6666667,28.41446,4160.54763849,3749.81875515,4418.70284593,3362.00161073,522.434250339,2228.29933064,732.0,15.0,41.0,56.0,482.0,176.0,138.0,221.0,66.0,47.4320889937, 5.61070658545,
70349,Moimay,43,70,223.0,220.0,6.22,18.0,6.0,86.0,1.0,0.0,104.0,86.0,8.0,10.0,65.0,86.0,,17283.0,,86.3354484802,71.2501514243,91.0771333242,144.0,15.0,109.0,22.0,7.0,0.0,2.0,11.0,1.0,2.0,3.0,1.0,47.5597602693, 6.39935154409,
70357,Montbozon,43,70,571.0,496.0,8.63,41.0,24.0,235.907738631,4.0,4.0,308.500208177,235.907738631,35.812284976,36.78018457,165.616861406,227.0,,18010.952381,,232.638650285,200.592642509,218.494983011,338.943816286,28.8866618731,260.278772161,58.0,5.0,5.0,6.0,30.0,9.0,12.0,18.0,3.0,47.4596587023, 6.25631932955,
70371,Montureux-et-Prantigny,43,70,194.0,250.0,12.18,14.0,11.0,80.7559808612,1.0,0.0,97.1646765134,80.7559808612,6.75652173913,9.65217391304,68.6889952153,87.0,,18284.6666667,,19.6363636364,6.4976076555,23.9336511844,121.598086124,7.42583732057,80.7559808612,15.0,9.0,0.0,1.0,4.0,1.0,1.0,4.0,0.0,47.5050359046, 5.63005559923,
70420,Pont-sur-l'Ognon,43,70,59.0,60.0,4.16,5.0,1.0,20.935483871,0.0,1.0,31.2688172043,20.935483871,5.63636363636,4.69696969697,18.0806451613,,,,,8.75806451613,3.90322580645,16.2685379714,29.5,0.951612903226,22.8387096774,9.0,5.0,0.0,0.0,3.0,2.0,1.0,1.0,0.0,47.5189006507, 6.38822321386,
70450,La Rochelle,43,70,37.0,47.0,4.23,3.0,2.0,17.619047619,0.0,0.0,30.6974789916,17.619047619,13.0784313725,0.0,14.9761904762,,,,,10.3409130173,2.84765553731,9.8222532002,18.5,1.7619047619,12.3333333333,11.0,6.0,1.0,0.0,3.0,0.0,1.0,1.0,0.0,47.7523236949, 5.72464823314,
70509,Tromarey,43,70,105.0,102.0,6.12,6.0,1.0,45.9375,1.0,0.0,52.3388605442,45.9375,1.42252456538,4.97883597884,33.90625,47.0,,18680.5,,18.2343589727,8.39060897267,15.2699738919,67.8125,5.46875,55.78125,10.0,6.0,2.0,0.0,1.0,0.0,1.0,3.0,0.0,47.3358125625, 5.72291943926,
70513,Vaivre-et-Montoille,43,70,2311.0,2339.0,8.48,102.0,118.0,1007.33569005,15.0,38.0,1051.75443382,1007.33569005,10.5758913735,33.8428523952,663.554777719,1001.0,71.5284715285,19905.3333333,9.71539,467.698310609,413.207030565,471.625601395,1503.80835682,105.631006583,1098.56246847,149.0,6.0,12.0,20.0,90.0,15.0,21.0,40.0,9.0,47.633860629, 6.10644479493,
70544,La Vergenne,43,70,125.0,107.0,2.95,10.0,7.0,46.4876033058,1.0,0.0,52.6029879212,46.4876033058,4.07692307692,2.03846153846,42.3553719008,45.0,,18208.0,,4.13223140496,4.13223140496,10.8064579519,74.3801652893,9.29752066116,59.9173553719,6.0,1.0,1.0,0.0,3.0,1.0,1.0,1.0,0.0,47.6149187489, 6.52058432739,
70554,Villars-le-Pautel,43,70,185.0,151.0,12.18,6.0,11.0,85.0,5.0,1.0,152.0,85.0,39.0,28.0,72.0,85.0,,15322.1884058,,12.0487794403,7.04877944032,14.0097794824,102.0,14.0,71.0,13.0,5.0,0.0,0.0,4.0,2.0,4.0,3.0,0.0,47.8959698741, 5.92002657844,
70569,Vilory,43,70,83.0,90.0,4.15,5.0,8.0,31.2470588235,0.0,1.0,34.2470588235,31.2470588235,2.0,1.0,26.3647058824,,,,,10.7962726718,2.92941176471,9.84125878089,60.5411764706,5.85882352941,45.8941176471,9.0,5.0,0.0,1.0,2.0,1.0,1.0,1.0,0.0,47.7301466997, 6.22337661531,
71029,Bellevesvre,26,71,273.0,274.0,7.13,14.0,20.0,147.0,4.0,3.0,204.763546798,147.0,41.5492178723,16.2143289258,121.0,145.0,,17545.9047619,,91.2211364164,47.978530069,80.991256687,148.0,5.0,109.0,51.0,14.0,2.0,6.0,17.0,6.0,12.0,14.0,0.0,46.8484271655, 5.36394090745,
71062,Brion,26,71,326.0,346.0,16.57,5.0,14.0,154.203174603,1.0,2.0,195.011646058,154.203174603,21.9737923219,18.834679133,133.504761905,147.0,,22860.0,,26.8072668757,7.14377481223,39.8727490838,199.73968254,5.1746031746,137.644444444,33.0,19.0,0.0,2.0,10.0,2.0,2.0,2.0,0.0,46.9163069203, 4.24167330561,
71080,Champagny-sous-Uxelles,26,71,85.0,78.0,5.05,7.0,2.0,37.4404761905,0.0,0.0,61.8275729647,37.4404761905,21.3387096774,3.04838709677,29.3452380952,,,,,7.08333333333,1.0119047619,14.5748142999,56.6666666667,3.03571428571,42.5,12.0,7.0,1.0,0.0,3.0,0.0,1.0,1.0,0.0,46.5792196401, 4.74765167584,
71124,Chenôves,26,71,210.0,218.0,10.54,10.0,13.0,95.0,1.0,3.0,134.0,95.0,16.0,23.0,78.0,98.0,,23824.6666667,,39.2459455443,19.1336396901,58.6130926508,145.0,6.0,104.0,45.0,28.0,1.0,2.0,11.0,1.0,3.0,9.0,1.0,46.6662558007, 4.70092580314,
71135,Clessé,26,71,822.0,815.0,10.06,47.0,20.0,336.722891566,6.0,8.0,376.927495147,336.722891566,20.1023017903,20.1023017903,274.330120482,329.0,,21706.6666667,,156.245512668,89.7646223325,144.167094248,532.814457831,20.7975903614,403.077108434,141.0,70.0,8.0,3.0,53.0,13.0,7.0,29.0,1.0,46.418154831, 4.82185640271,
71160,Curbigny,26,71,313.0,308.0,9.64,14.0,8.0,128.180952381,2.0,3.0,148.442390289,128.180952381,10.1307189542,10.1307189542,116.257142857,132.0,,19614.7826087,,59.8616592011,35.0055620827,70.8442935125,196.742857143,4.96825396825,140.104761905,36.0,22.0,3.0,3.0,6.0,3.0,2.0,9.0,1.0,46.3116932174, 4.31698207413,
71198,Flacey-en-Bresse,26,71,355.0,364.0,13.72,21.0,15.0,174.058171745,2.0,5.0,254.763626291,174.058171745,56.7927272727,23.9127272727,139.639889197,179.0,,17979.3333333,,32.8835704593,13.1271578968,39.7074833353,205.526315789,13.7673130194,146.523545706,40.0,13.0,3.0,5.0,16.0,3.0,3.0,8.0,0.0,46.5949707867, 5.38150826754,
71212,Génelard,26,71,1401.0,1452.0,22.13,54.0,83.0,686.107451061,18.0,13.0,825.071116148,686.107451061,27.0466193793,111.917045708,458.435158742,671.0,,19189.3333333,,511.243935668,406.430681577,479.073280136,833.364556254,76.234161229,606.782715728,156.0,26.0,12.0,11.0,97.0,28.0,10.0,39.0,8.0,46.5798385493, 4.25003029458,
71219,Gigny-sur-Saône,26,71,554.0,519.0,14.36,29.0,17.0,222.0,2.0,7.0,292.0,222.0,43.0,27.0,189.0,224.0,,20120.0,,68.0515773354,51.0515773354,67.0120967838,335.0,20.0,269.0,39.0,7.0,0.0,7.0,22.0,2.0,3.0,9.0,1.0,46.6538485126, 4.93846686758,
71261,Loisy,26,71,610.0,556.0,14.64,33.0,22.0,265.0,9.0,3.0,341.0,265.0,41.0,35.0,232.0,255.0,,18865.2173913,,90.4971817785,65.3958129976,86.1362092716,374.0,35.0,294.0,48.0,15.0,4.0,3.0,22.0,5.0,4.0,5.0,2.0,46.5904043725, 5.01289765681,
71288,Massy,26,71,64.0,56.0,5.07,10.0,2.0,27.5692307692,0.0,0.0,40.6476621418,27.5692307692,4.35947712418,8.71895424837,22.6461538462,,,,,20.6805244502,14.7336325701,22.4959456897,38.4,1.96923076923,30.5230769231,10.0,4.0,1.0,1.0,3.0,0.0,1.0,3.0,0.0,46.4898679694, 4.60948900655,
71362,Pruzilly,26,71,295.0,234.0,4.29,20.0,8.0,122.0,3.0,2.0,157.0,122.0,15.0,20.0,98.0,115.0,,21122.8571429,,46.5323240494,23.8399048723,42.0070586842,197.0,13.0,161.0,45.0,24.0,0.0,3.0,14.0,3.0,4.0,7.0,1.0,46.259412904, 4.69749749783,
71371,La Roche-Vineuse,26,71,1473.0,1401.0,11.96,66.0,67.0,676.0,19.0,8.0,777.0,676.0,49.0,52.0,462.0,676.0,,23760.6666667,,477.800164566,372.465283247,445.498453768,900.0,46.0,706.0,197.0,53.0,14.0,21.0,81.0,11.0,28.0,53.0,7.0,46.3510235915, 4.74854768422,
71381,Sailly,26,71,80.0,80.0,8.96,3.0,4.0,36.3636363636,0.0,1.0,76.1004784689,36.3636363636,33.716108453,6.02073365231,31.8181818182,,,,,14.7885306279,4.78853062789,12.3548872171,49.0909090909,7.27272727273,41.8181818182,15.0,4.0,1.0,2.0,4.0,0.0,4.0,2.0,0.0,46.5326888362, 4.56213978811,
71385,Saint-Amour-Bellevue,26,71,550.0,533.0,5.09,29.0,19.0,234.409594096,3.0,4.0,279.713941922,234.409594096,18.1217391304,27.1826086957,172.509225092,231.0,,21166.0,,120.381291454,58.4911335134,125.407823946,340.959409594,14.2066420664,264.852398524,128.0,95.0,2.0,1.0,26.0,6.0,4.0,26.0,0.0,46.2414353911, 4.74041810825,
71425,Saint-Gilles,26,71,291.0,316.0,3.64,14.0,13.0,133.902173913,5.0,2.0,178.56884058,133.902173913,28.4242424242,16.2424242424,107.543478261,124.0,,18859.0,,39.9418914457,27.4527610109,38.8996039506,181.347826087,12.652173913,134.956521739,21.0,3.0,2.0,3.0,9.0,0.0,4.0,5.0,1.0,46.8776228817, 4.66403200389,
71440,Saint-Léger-sous-Beuvray,26,71,427.0,488.0,34.97,13.0,33.0,211.240719664,0.0,1.0,350.90738633,211.240719664,128.187214612,11.4794520548,144.365516956,197.0,,15135.0,,154.487487803,108.167900931,151.697519643,241.235548035,14.8611561572,173.298834173,78.0,37.0,4.0,2.0,29.0,6.0,6.0,14.0,1.0,46.9191539488, 4.09209757526,
71445,Saint-Marcel,26,71,5932.0,5669.0,10.17,322.0,249.0,2526.0,65.0,55.0,2696.61786237,2526.0,15.4172767204,155.200585652,1548.87754104,2570.0,62.4074795481,18814.5,10.66503,3192.13269434,2947.41159887,3076.97245345,3752.58017183,295.443249244,2861.5554781,486.0,35.0,46.0,41.0,306.0,114.0,58.0,137.0,44.0,46.77487928, 4.88727108461,
71475,Saint-Rémy,26,71,6476.0,5805.0,10.38,340.0,278.0,2699.0,75.0,102.0,2875.0,2699.0,25.0,151.0,1869.0,2719.0,69.2307692308,20060.0,9.21252,1732.02188879,1527.30666784,1717.97181011,3911.0,284.0,2888.0,399.0,9.0,33.0,45.0,250.0,76.0,62.0,106.0,37.0,46.7602643306, 4.82122632524,
71498,Santilly,26,71,146.0,138.0,7.22,3.0,3.0,73.0,0.0,1.0,88.0,73.0,8.0,7.0,60.0,71.0,,20387.5,,17.1322942039,9.13229420388,26.0636233752,90.0,9.0,63.0,23.0,10.0,0.0,3.0,9.0,2.0,1.0,2.0,0.0,46.6204214776, 4.70493603274,
71499,Sanvignes-les-Mines,26,71,4414.0,4377.0,35.48,216.0,241.0,2016.0,49.0,33.0,2267.0,2016.0,33.0,218.0,1296.0,2029.0,57.5518262586,18142.6666667,12.16021,622.806524724,480.591076291,650.227095713,2582.0,247.0,1874.0,192.0,29.0,19.0,16.0,106.0,35.0,22.0,33.0,12.0,46.6680278999, 4.27985342384,
71529,Suin,26,71,281.0,287.0,21.98,10.0,20.0,127.09540636,0.0,3.0,203.728739694,127.09540636,52.7476190476,23.8857142857,107.236749117,125.0,,18582.8,,46.8021513164,16.9658206487,49.6875029413,176.74204947,15.8869257951,138.017667845,77.0,51.0,2.0,5.0,17.0,4.0,2.0,6.0,0.0,46.4406556558, 4.45677092453,
72013,Aubigné-Racan,52,72,2144.0,2077.0,32.03,98.0,95.0,961.056510739,13.0,29.0,1309.81263515,961.056510739,217.368775605,131.38734881,718.556212269,967.0,56.9803516029,17702.0,15.56637,543.63901877,467.04534873,583.547090853,1237.51557875,134.182228843,853.732294794,125.0,27.0,12.0,11.0,62.0,15.0,13.0,28.0,8.0,47.6839620406, 0.250420617503,
72017,Auvers-sous-Montfaucon,52,72,244.0,231.0,7.49,22.0,4.0,80.6774193548,4.0,0.0,95.7377030428,80.6774193548,6.45440729483,8.60587639311,67.8870967742,82.0,,19468.6046512,,28.7423132667,10.0,33.3563797897,157.419354839,9.83870967742,123.967741935,22.0,14.0,0.0,1.0,5.0,2.0,2.0,4.0,0.0,48.0011977503, -0.0746551164135,
72097,Coulombiers,52,72,446.0,416.0,12.34,40.0,14.0,168.071090284,8.0,5.0,210.958879063,168.071090284,20.9451991711,21.9425896078,131.575653537,173.0,,17740.0,,61.3228562074,38.2554572928,44.6521429858,288.493378248,33.9471969119,224.10763049,41.0,20.0,3.0,2.0,14.0,3.0,2.0,9.0,0.0,48.2947714312, 0.12688051263,
72102,Courcival,52,72,88.0,81.0,8.94,4.0,3.0,39.0,0.0,0.0,55.0,39.0,15.0,1.0,30.0,,,,,8.0,0.0,12.886514085,58.0,6.0,45.0,15.0,10.0,0.0,1.0,3.0,1.0,1.0,1.0,0.0,48.2356656614, 0.391626010989,
72108,Cré,52,72,803.0,803.0,17.19,44.0,24.0,303.000419053,7.0,5.0,354.869737235,303.000419053,35.5965909091,16.2727272727,249.00034437,300.0,,18149.047619,,79.7576183707,45.8458203405,88.8327762297,505.999774338,42.0000580865,381.000064195,46.0,11.0,2.0,8.0,22.0,3.0,3.0,9.0,0.0,47.6579707942, -0.139863382378,
72128,Évaillé,52,72,369.0,372.0,19.43,27.0,18.0,155.790989297,2.0,2.0,230.781980288,155.790989297,53.2830725462,21.7079184448,127.560407344,145.0,,18948.5714286,,60.7637042379,28.5487260989,44.2393631966,216.345742031,18.8203879688,160.930155234,50.0,19.0,3.0,1.0,26.0,7.0,1.0,5.0,0.0,47.9002296748, 0.626909662566,
72152,Juillé,52,72,477.0,448.0,5.72,25.0,21.0,191.002118644,3.0,2.0,228.497654358,191.002118644,25.3348214286,12.1607142857,167.758474576,191.0,,18286.0,,45.3280153778,31.2041539289,44.8698197086,298.125,19.2012711864,203.129237288,27.0,8.0,2.0,3.0,11.0,5.0,3.0,4.0,1.0,48.2452632445, 0.12580313136,
74002,Alby-sur-Chéran,82,74,2188.0,1959.0,6.56,148.0,37.0,828.335543691,38.0,6.0,895.534901894,828.335543691,24.7056463982,42.4937118048,488.420212723,861.0,71.8604651163,21807.826087,7.59924,1907.15403584,1729.49796151,1909.40853586,1441.02933728,115.713367358,1190.26061479,272.0,7.0,30.0,36.0,165.0,46.0,34.0,68.0,32.0,45.8156435779, 6.01581486858,
74045,Le Bouchet-Mont-Charvin,82,74,235.0,242.0,18.52,18.0,1.0,90.2320675105,2.0,1.0,219.232067511,90.2320675105,111.0,18.0,58.5021097046,93.0,,19626.1904762,,28.8686293398,13.9691040754,30.7937232783,143.776371308,7.93248945148,113.037974684,40.0,9.0,1.0,5.0,21.0,4.0,4.0,7.0,0.0,45.8045733703, 6.38410878026,
74076,Choisy,82,74,1544.0,1562.0,16.57,81.0,32.0,578.503856041,15.0,5.0,649.003856041,578.503856041,36.7826086957,33.7173913043,516.982005141,570.0,,27903.5,,160.337993746,92.9108343908,152.533744068,1065.71722365,54.5758354756,824.59125964,122.0,31.0,6.0,25.0,52.0,12.0,8.0,18.0,3.0,45.9970301608, 6.05417234636,
74148,Leschaux,82,74,272.0,274.0,12.52,12.0,9.0,118.0,1.0,3.0,169.0,118.0,39.0,12.0,102.0,121.0,,21027.2,,33.8570495313,15.8756461052,24.9821785253,193.0,6.0,141.0,47.0,10.0,1.0,6.0,24.0,3.0,6.0,7.0,0.0,45.7750459129, 6.11849070484,
74166,Marin,82,74,1666.0,1474.0,5.57,79.0,51.0,671.0,16.0,10.0,769.0,671.0,36.0,62.0,489.0,655.0,,24736.0714286,,267.958550977,175.044991438,279.183052279,1088.0,58.0,849.0,170.0,21.0,10.0,26.0,101.0,26.0,12.0,37.0,5.0,46.374432028, 6.52367394025,
74174,Mégevette,82,74,549.0,486.0,21.66,30.0,20.0,215.678571429,2.0,3.0,448.416778976,215.678571429,193.002416015,39.7357915324,164.7,205.0,,22429.0,,39.2805162518,19.6663666658,41.9125533652,336.2625,18.6267857143,267.6375,44.0,18.0,0.0,6.0,14.0,0.0,6.0,4.0,1.0,46.208458258, 6.51327068897,
74231,Saint-Eusèbe,82,74,458.0,436.0,6.88,27.0,16.0,190.232283465,3.0,2.0,213.726647394,190.232283465,12.921900161,10.5724637681,148.75984252,190.0,,23504.375,,55.2402418929,25.2911621643,49.2331022997,304.732283465,11.7204724409,247.933070866,68.0,21.0,2.0,15.0,27.0,3.0,3.0,7.0,1.0,45.9294639513, 5.96296409626,
74238,Saint-Jean-d'Aulps,82,74,1244.0,1169.0,40.19,84.0,61.0,488.797434677,18.0,9.0,1874.74013497,488.797434677,1326.2037908,59.7389094953,327.465707486,522.0,,21147.7777778,,644.047848775,481.497837868,676.497821268,765.33693842,20.4058749472,599.600328664,310.0,11.0,9.0,33.0,202.0,34.0,55.0,49.0,8.0,46.2278739142, 6.66076731793,
76001,Allouville-Bellefosse,23,76,1180.0,1044.0,14.66,65.0,38.0,477.064377682,15.0,6.0,589059,Bussy-en-Othe,26,89,751.0,758.0,56.5,31.0,30.0,337.77560678,3.0,8.0,423.180312662,337.77560678,63.7962863218,21.6084195606,294.419334865,318.0,,20081.3333333,,88.6093695663,62.5612428107,78.7208201244,455.598272451,37.2979286517,318.600922499,54.0,16.0,1.0,11.0,22.0,10.0,4.0,9.0,1.0,48.0413773601, 3.50603239143,
89076,Champlost,26,89,808.0,793.0,22.94,58.0,40.0,347.709001233,8.0,6.0,452.355835711,347.709001233,71.1192078973,33.5276265802,310.845869297,354.0,,20609.5238095,,105.753183479,48.9771320222,107.182203849,490.180024661,41.8446362515,377.598027127,96.0,36.0,5.0,7.0,42.0,10.0,6.0,17.0,1.0,48.04194277, 3.65112821116,
89099,Cheny,26,89,2417.0,2572.0,9.72,152.0,128.0,1087.0,35.0,21.0,1212.10212418,1087.0,29.0236928105,96.0784313725,659.142557726,1064.0,62.0884289746,18310.7692308,19.35809,293.152341333,237.998828871,335.09827657,1547.23307272,177.966243363,1094.95054683,105.0,7.0,9.0,15.0,54.0,19.0,20.0,21.0,9.0,47.944917825, 3.53719621335,
89127,Courtois-sur-Yonne,26,89,764.0,740.0,4.29,38.0,20.0,270.578731887,1.0,3.0,302.098445148,270.578731887,13.789874552,17.7298387097,238.806229279,257.0,,21734.0,,241.52384806,215.75734929,194.350906594,498.545865308,24.5980665352,308.500751129,42.0,2.0,4.0,6.0,22.0,5.0,8.0,10.0,7.0,48.2291773603, 3.24850168406,
89158,Étais-la-Sauvin,26,89,675.0,706.0,44.79,23.0,104.0,282.810980603,5.0,22.0,474.966222538,282.810980603,147.889112903,44.2661290323,237.482391377,294.0,,16330.8,,179.057648542,122.617923476,160.849451766,369.569936113,35.4745480896,246.3510284,103.0,48.0,8.0,11.0,30.0,11.0,6.0,23.0,1.0,47.5119567987, 3.34972153514,
89187,Gigny,26,89,91.0,106.0,10.77,3.0,5.0,39.6914893617,2.0,0.0,91.8505802708,39.6914893617,33.75,18.4090909091,35.8191489362,,,,,18.4255319149,3.90425531915,24.6645939227,53.2446808511,2.90425531915,37.7553191489,26.0,6.0,3.0,4.0,12.0,0.0,1.0,3.0,0.0,47.8287677848, 4.30551561383,
89194,Grimault,26,89,122.0,123.0,23.77,5.0,10.0,58.2387573238,1.0,1.0,119.249686286,58.2387573238,44.9554213402,16.0555076215,50.4735896806,58.0,,21175.0,,19.6688746609,7.90535318746,14.5594562018,63.7612426762,4.85322977698,46.591005859,22.0,12.0,0.0,1.0,8.0,1.0,1.0,3.0,0.0,47.6605721672, 3.97653630246,
89223,Lézinnes,26,89,748.0,741.0,15.96,26.0,28.0,353.636122178,2.0,5.0,436.072773762,353.636122178,41.7149321267,40.721719457,260.260292165,345.0,,20146.0,,225.209271205,190.319634133,303.956048264,452.972111554,42.7144754316,318.868525896,55.0,9.0,8.0,7.0,29.0,9.0,2.0,11.0,5.0,47.8039171738, 4.07106558888,08.241592872,477.064377682,9.59298928919,21.5842259007,345.39055794,468.0,,20083.3333333,,351.774078599,283.185652593,323.989452811,758.643776824,44.5665236052,579.364806867,105.0,23.0,7.0,8.0,55.0,8.0,12.0,19.0,3.0,49.5946409573, 0.665436022637,
76023,Anvéville,23,76,283.0,249.0,4.23,18.0,8.0,107.211604096,4.0,4.0,132.119937429,107.211604096,17.934,6.97433333333,97.5529010239,111.0,,20494.7619048,,15.5855560308,6.87654229145,13.9396666192,177.720136519,6.76109215017,141.982935154,17.0,6.0,1.0,1.0,8.0,2.0,1.0,1.0,0.0,49.6996514081, 0.748889414499,
76053,Baillolet,23,76,110.0,133.0,8.74,2.0,7.0,48.125,0.0,0.0,68.4107142857,48.125,17.2428571429,3.04285714286,40.2678571429,48.0,,18157.5,,20.5762388748,6.78437346619,18.0570481278,78.5714285714,4.91071428571,53.0357142857,15.0,9.0,0.0,0.0,4.0,1.0,2.0,2.0,0.0,49.7896330742, 1.43139966694,
76054,Bailly-en-Rivière,23,76,532.0,560.0,20.06,36.0,14.0,211.0,7.0,4.0,243.0,211.0,25.0,7.0,171.0,208.0,,18280.4761905,,56.4443645173,38.4354234723,51.8924026943,325.0,35.0,243.0,44.0,20.0,3.0,3.0,16.0,4.0,2.0,12.0,0.0,49.9079295518, 1.35035424549,
76064,Beaurepaire,23,76,495.0,435.0,2.83,39.0,11.0,183.109756098,8.0,0.0,224.831438945,183.109756098,24.2567923534,17.4648904945,157.957317073,184.0,,21719.3333333,,60.977579098,52.9287986102,41.1197556688,307.865853659,18.1097560976,230.396341463,25.0,7.0,1.0,3.0,11.0,3.0,3.0,6.0,2.0,49.6578498142, 0.218162169201,
76075,Belmesnil,23,76,480.0,498.0,3.03,27.0,11.0,183.439490446,5.0,3.0,193.785235127,183.439490446,4.31072695035,6.0350177305,161.01910828,176.0,,20276.0,,68.6213966409,54.4368366429,61.6579834765,315.923566879,21.4012738854,254.777070064,40.0,11.0,0.0,6.0,20.0,8.0,3.0,13.0,0.0,49.7683532311, 1.05014790136,
76079,Bénouville,23,76,171.0,119.0,2.86,14.0,6.0,73.2857142857,3.0,2.0,112.650200267,73.2857142857,33.308411215,6.05607476636,62.0892857143,71.0,,21528.5714286,,30.4088199966,20.3068587166,18.0059850445,112.982142857,11.1964285714,77.3571428571,14.0,3.0,0.0,1.0,8.0,1.0,2.0,3.0,0.0,49.7173340214, 0.246125602871,
76095,Bihorel,23,76,8268.0,8461.0,2.51,361.0,304.0,3843.63301103,0.0,0.0,4072.80320841,3843.63301103,14.6786562616,214.491541117,2197.87045548,,,,,2117.97016953,1941.31357425,2118.39199687,5013.76794912,353.684149371,3733.33322106,,,,,,,,,,,Rouen Normandie
76106,Bois-d'Ennebourg,23,76,532.0,488.0,7.04,29.0,9.0,199.862068966,6.0,2.0,204.618287871,199.862068966,0.594527363184,4.16169154229,191.172413793,207.0,,23273.75,,57.8867615347,44.3695201554,47.8621724532,333.103448276,14.4827586207,251.034482759,36.0,9.0,0.0,3.0,20.0,2.0,4.0,8.0,0.0,49.4276209664, 1.25861486789,
76159,Cany-Barville,23,76,3014.0,3097.0,13.57,181.0,134.0,1372.0,42.0,34.0,1521.57307692,1372.0,33.1269230769,116.446153846,464.304777182,1367.0,59.0343818581,18158.6956522,13.8009,2098.69999899,1896.28051798,2150.58578984,1951.68339467,208.191289987,1419.69163907,314.0,32.0,22.0,15.0,191.0,60.0,54.0,105.0,31.0,49.7754431249, 0.633291896241,
76185,Compainville,23,76,158.0,130.0,6.36,11.0,2.0,55.0742857143,2.0,0.0,76.4298412698,55.0742857143,19.4985507246,1.85700483092,47.8514285714,55.0,,15461.3333333,,13.8710516934,7.5510516934,12.2052613843,93.8971428571,9.02857142857,72.2285714286,22.0,12.0,1.0,2.0,5.0,3.0,2.0,1.0,0.0,49.6584559253, 1.55975228232,
76188,Cottévrard,23,76,427.0,374.0,7.88,25.0,11.0,159.300220751,3.0,1.0,167.304606715,159.300220751,0.889376218324,7.11500974659,146.103752759,168.0,,20193.5,,54.9555759947,43.5869225731,59.3031685351,281.838852097,14.1390728477,221.51214128,33.0,10.0,0.0,6.0,14.0,2.0,3.0,10.0,2.0,49.639544, 1.22434473478,
76201,Croisy-sur-Andelle,23,76,537.0,518.0,3.83,36.0,10.0,214.4204947,11.0,3.0,232.746076095,214.4204947,6.10852713178,12.2170542636,161.28975265,219.0,,19459.3333333,,70.2197822877,51.913839627,80.6918644025,351.042402827,25.6166077739,262.807420495,46.0,6.0,2.0,3.0,23.0,6.0,12.0,17.0,0.0,49.4594753468, 1.40681724244,
72178,Maisoncelles,52,72,182.0,198.0,11.1,22.0,5.0,69.0,3.0,0.0,104.0,69.0,26.0,9.0,50.0,70.0,,18233.9130435,,33.0968229223,14.0968229223,29.9803817476,111.0,9.0,90.0,27.0,16.0,0.0,4.0,6.0,2.0,1.0,5.0,0.0,47.9379252388, 0.577135485156,
36098,Lizeray,24,36,102.0,108.0,35.41,4.0,6.0,38.3762376238,0.0,0.0,54.6474240644,38.3762376238,10.1694915254,6.10169491525,26.2574257426,,,,,21.1790572714,11.0800473704,36.1000909635,71.702970297,5.0495049505,44.4356435644,26.0,16.0,1.0,0.0,8.0,1.0,1.0,10.0,0.0,46.9850879886, 1.9034021028,
36099,Lourdoueix-Saint-Michel,24,36,339.0,380.0,19.67,10.0,37.0,178.366153846,2.0,11.0,316.425343877,178.366153846,74.9725402818,63.0866497493,157.504615385,163.0,,15294.6666667,,71.7317526977,40.6873880135,74.779729499,165.849230769,8.34461538462,103.264615385,54.0,32.0,4.0,6.0,11.0,2.0,1.0,8.0,1.0,46.4167963752, 1.7255656955,
36106,Luzeret,24,36,144.0,152.0,26.78,2.0,13.0,71.5102040816,0.0,0.0,137.411843426,71.5102040816,54.0983606557,11.8032786885,57.7959183673,70.0,,15802.3333333,,31.4764809557,17.7621952414,28.4834989619,84.2448979592,7.83673469388,57.7959183673,43.0,21.0,1.0,3.0,17.0,2.0,1.0,9.0,0.0,46.5476228385, 1.38528688826,
36128,Montierchaume,24,36,1648.0,1677.0,37.2,77.0,54.0,663.271976569,17.0,10.0,703.327686875,663.271976569,7.00974930362,33.0459610028,535.530707007,669.0,,20000.5,,1706.82639167,1630.73034472,1880.76446985,1109.9353015,63.8878693624,803.92524974,137.0,26.0,18.0,15.0,64.0,14.0,14.0,40.0,21.0,46.8664822009, 1.77844723224,
36153,Paulnay,24,36,360.0,358.0,38.48,16.0,22.0,166.853932584,2.0,4.0,286.166185549,166.853932584,71.3833992095,47.9288537549,141.573033708,159.0,,19142.2380952,,69.5127298907,39.3457483521,105.498766592,219.438202247,20.2247191011,155.730337079,49.0,30.0,0.0,4.0,13.0,5.0,2.0,10.0,0.0,46.8615135571, 1.14964344922,
36173,Rosnay,24,36,506.0,618.0,59.03,21.0,21.0,240.0,4.0,6.0,392.0,240.0,92.0,60.0,159.0,223.0,,17771.3333333,,316.548201122,270.606466064,366.406584332,325.0,18.0,251.0,68.0,37.0,2.0,2.0,21.0,2.0,6.0,23.0,2.0,46.7081092632, 1.20629298649,
36202,Saint-Maur,24,36,3105.0,3398.0,70.31,133.0,304.0,1125.0,24.0,81.0,1268.0,1125.0,43.0,100.0,822.0,1136.0,75.5947136564,21007.0,5.8473,3059.6785091,2869.27035439,3150.04651801,1947.0,95.0,1344.0,441.0,47.0,18.0,39.0,301.0,146.0,36.0,162.0,74.0,46.7890918907, 1.62343965566,
36215,Ségry,24,36,530.0,504.0,33.06,26.0,22.0,207.0,9.0,4.0,266.0,207.0,27.0,32.0,174.0,198.0,,21578.7179487,,77.3910231815,47.9916540992,72.0291375557,334.0,22.0,267.0,45.0,16.0,2.0,2.0,20.0,3.0,5.0,11.0,1.0,46.8846862374, 2.09589433359,
37006,Artannes-sur-Indre,24,37,2493.0,2523.0,20.97,112.0,75.0,1026.0,29.0,18.0,1121.29734675,1026.0,44.0622140897,51.2351326624,825.710344255,1049.0,71.4694656489,21684.0,4.24718,220.638119667,151.144286665,267.880760272,1660.14148128,75.6148601413,1244.00655219,161.0,30.0,9.0,19.0,83.0,23.0,20.0,35.0,3.0,47.2760783229, 0.594691444381,
37026,Betz-le-Château,24,37,572.0,573.0,46.88,38.0,30.0,259.463917526,3.0,7.0,362.74380883,259.463917526,60.1630434783,43.1168478261,219.16838488,265.0,,17142.8571429,,139.890610814,60.2094346734,129.80548574,314.501718213,16.7079037801,232.927835052,100.0,51.0,9.0,10.0,27.0,6.0,3.0,21.0,0.0,47.000465147, 0.95244957404,
37046,Céré-la-Ronde,24,37,454.0,420.0,49.2,17.0,24.0,207.659192825,2.0,3.0,301.985581714,207.659192825,68.2361111111,26.0902777778,159.816143498,201.0,,19997.2,,120.17341596,86.6726132248,118.459503895,251.430493274,12.2152466368,195.443946188,71.0,33.0,8.0,3.0,24.0,4.0,3.0,15.0,1.0,47.2539221979, 1.1815724802,
37055,Channay-sur-Lathan,24,37,832.0,789.0,28.71,63.0,28.0,327.908022987,11.0,7.0,388.32025703,327.908022987,40.9574468085,19.454787234,273.950772444,319.0,,17576.0,,106.779626559,61.0142870529,103.590212561,484.724113742,37.6809612655,370.681006045,78.0,30.0,14.0,11.0,17.0,5.0,6.0,14.0,0.0,47.4777083311, 0.253067103583,
37070,Chenonceaux,24,37,360.0,351.0,4.33,16.0,18.0,160.893854749,1.0,6.0,213.798202575,160.893854749,31.5391304348,21.3652173913,131.731843575,160.0,,20635.0,,181.639735946,155.48280643,198.416580592,214.189944134,18.1005586592,159.888268156,47.0,3.0,4.0,4.0,34.0,5.0,2.0,9.0,6.0,47.3396827189, 1.07035126268,
37089,Cravant-les-Côteaux,24,37,730.0,725.0,38.21,41.0,35.0,332.0,7.0,6.0,411.0,332.0,52.0,27.0,271.0,325.0,,20076.6666667,,206.733778527,134.852647114,224.603529851,466.0,20.0,343.0,135.0,65.0,6.0,7.0,55.0,13.0,2.0,35.0,1.0,47.1685788687, 0.341605997967,
37103,Esves-le-Moutier,24,37,156.0,143.0,10.53,7.0,11.0,74.0,1.0,1.0,94.0,74.0,18.0,2.0,56.0,64.0,,18413.8888889,,24.7710208509,12.0949502087,27.7813845383,91.0,10.0,77.0,20.0,13.0,0.0,1.0,5.0,0.0,1.0,3.0,0.0,47.0320001682, 0.903999367241,
37124,Larçay,24,37,2417.0,2285.0,11.19,120.0,45.0,966.8,23.0,14.0,1026.90280374,966.8,19.3551401869,40.7476635514,760.907407407,968.0,80.8686659772,23530.0,4.86139,526.923198341,413.705630688,521.811519019,1563.59012346,77.5827160494,1173.6872428,194.0,6.0,14.0,36.0,116.0,31.0,22.0,50.0,11.0,47.352701653, 0.776083557562,
37131,Limeray,24,37,1229.0,1083.0,14.39,81.0,56.0,513.393009378,21.0,14.0,641.469133945,513.393009378,68.169550173,59.9065743945,414.905370844,526.0,,19696.1111111,,154.911746663,99.2377917298,140.625282144,756.468883205,66.0076726343,589.878090367,102.0,33.0,4.0,10.0,43.0,12.0,12.0,25.0,1.0,47.4553218405, 1.03130220301,
37261,Tours,24,37,134978.0,136578.0,34.67,7933.0,5597.0,72714.0609617,1603.0,1093.0,80905.1637416,72714.0609617,1625.53674836,6565.56603155,24161.767353,61746.0,60.7339181761,18558.0,17.84722,79859.10301,73162.1128966,79867.804564,91905.701233,10357.0745668,62882.2552445,13319.0,43.0,514.0,763.0,9546.0,2131.0,2453.0,3404.0,966.0,47.3986382281, 0.696526376417,
38017,Assieu,82,38,1368.0,1257.0,12.34,74.0,29.0,494.808510638,17.0,6.0,534.434969782,494.808510638,21.8988326848,17.7276264591,427.240121581,503.0,,22208.5,,93.4193235354,54.2644896517,102.623387604,861.756838906,35.3434650456,671.525835866,94.0,12.0,5.0,14.0,54.0,11.0,9.0,15.0,1.0,45.4098620584, 4.87676181443,
38048,Bonnefamille,82,38,1042.0,1035.0,9.43,61.0,24.0,380.938170388,15.0,3.0,407.77231673,380.938170388,10.5003181336,16.3338282078,329.954021321,384.0,,24237.037037,,119.999934662,87.9915110045,92.0847955046,680.224402389,39.4405681463,531.00472236,75.0,14.0,3.0,11.0,38.0,7.0,9.0,10.0,3.0,45.6005617207, 5.11452103575,
38093,Châtenay,82,38,437.0,404.0,4.62,25.0,26.0,168.385321101,7.0,4.0,198.385321101,168.385321101,18.0,12.0,140.321100917,168.0,,20372.1428571,,37.0914044311,16.0320051455,41.3739529939,267.612385321,18.0412844037,212.486238532,54.0,16.0,5.0,12.0,20.0,3.0,1.0,7.0,0.0,45.3294698557, 5.22927458639,
38154,Entraigues,82,38,233.0,249.0,21.66,17.0,11.0,111.563559322,3.0,4.0,237.057630468,111.563559322,107.707509881,17.7865612648,82.9322033898,114.0,,18502.6666667,,59.6013325433,43.1432067292,54.7009857469,127.360169492,4.93644067797,81.9449152542,25.0,5.0,3.0,7.0,8.0,1.0,2.0,5.0,1.0,44.8898827456, 5.96388383994,
38297,Passins,82,38,1140.0,954.0,13.92,72.0,33.0,448.875,13.0,5.0,512.871047431,448.875,34.5375494071,29.4584980237,333.857142857,414.0,,19122.2222222,,357.686087328,277.691741722,363.07282814,703.339285714,70.2321428571,539.464285714,148.0,19.0,14.0,18.0,83.0,35.0,14.0,34.0,11.0,45.6918000182, 5.42912409085,
38328,Quaix-en-Chartreuse,82,38,920.0,886.0,18.09,45.0,20.0,347.755991285,10.0,1.0,383.703739033,347.755991285,26.4321674616,9.51558028617,300.653594771,337.0,,29516.0869565,,68.7562726704,44.7626269534,85.9491711251,592.287581699,25.0544662309,457.995642702,66.0,18.0,1.0,11.0,27.0,2.0,9.0,6.0,1.0,45.2568837675, 5.73045716055,Grenoble Alpes Métropole
89059,Bussy-en-Othe,26,89,751.0,758.0,56.5,31.0,30.0,337.77560678,3.0,8.0,423.180312662,337.77560678,63.7962863218,21.6084195606,294.419334865,318.0,,20081.3333333,,88.6093695663,62.5612428107,78.7208201244,455.598272451,37.2979286517,318.600922499,54.0,16.0,1.0,11.0,22.0,10.0,4.0,9.0,1.0,48.0413773601, 3.50603239143,
89076,Champlost,26,89,808.0,793.0,22.94,58.0,40.0,347.709001233,8.0,6.0,452.355835711,347.709001233,71.1192078973,33.5276265802,310.845869297,354.0,,20609.5238095,,105.753183479,48.9771320222,107.182203849,490.180024661,41.8446362515,377.598027127,96.0,36.0,5.0,7.0,42.0,10.0,6.0,17.0,1.0,48.04194277, 3.65112821116,
89099,Cheny,26,89,2417.0,2572.0,9.72,152.0,128.0,1087.0,35.0,21.0,1212.10212418,1087.0,29.0236928105,96.0784313725,659.142557726,1064.0,62.0884289746,18310.7692308,19.35809,293.152341333,237.998828871,335.09827657,1547.23307272,177.966243363,1094.95054683,105.0,7.0,9.0,15.0,54.0,19.0,20.0,21.0,9.0,47.944917825, 3.53719621335,
89127,Courtois-sur-Yonne,26,89,764.0,740.0,4.29,38.0,20.0,270.578731887,1.0,3.0,302.098445148,270.578731887,13.789874552,17.7298387097,238.806229279,257.0,,21734.0,,241.52384806,215.75734929,194.350906594,498.545865308,24.5980665352,308.500751129,42.0,2.0,4.0,6.0,22.0,5.0,8.0,10.0,7.0,48.2291773603, 3.24850168406,
89158,Étais-la-Sauvin,26,89,675.0,706.0,44.79,23.0,104.0,282.810980603,5.0,22.0,474.966222538,282.810980603,147.889112903,44.2661290323,237.482391377,294.0,,16330.8,,179.057648542,122.617923476,160.849451766,369.569936113,35.4745480896,246.3510284,103.0,48.0,8.0,11.0,30.0,11.0,6.0,23.0,1.0,47.5119567987, 3.34972153514,
89187,Gigny,26,89,91.0,106.0,10.77,3.0,5.0,39.6914893617,2.0,0.0,91.8505802708,39.6914893617,33.75,18.4090909091,35.8191489362,,,,,18.4255319149,3.90425531915,24.6645939227,53.2446808511,2.90425531915,37.7553191489,26.0,6.0,3.0,4.0,12.0,0.0,1.0,3.0,0.0,47.8287677848, 4.30551561383,
89194,Grimault,26,89,122.0,123.0,23.77,5.0,10.0,58.2387573238,1.0,1.0,119.249686286,58.2387573238,44.9554213402,16.0555076215,50.4735896806,58.0,,21175.0,,19.6688746609,7.90535318746,14.5594562018,63.7612426762,4.85322977698,46.591005859,22.0,12.0,0.0,1.0,8.0,1.0,1.0,3.0,0.0,47.6605721672, 3.97653630246,
89223,Lézinnes,26,89,748.0,741.0,15.96,26.0,28.0,353.636122178,2.0,5.0,436.072773762,353.636122178,41.7149321267,40.721719457,260.260292165,345.0,,20146.0,,225.209271205,190.319634133,303.956048264,452.972111554,42.7144754316,318.868525896,55.0,9.0,8.0,7.0,29.0,9.0,2.0,11.0,5.0,47.8039171738, 4.07106558888,

